{"ranking":[{"name":"asdf","distance":14,"combo":1,"score":24}],"masterVolume":0.09408789873123169,"bgmVolume":0.47934243083000185,"sfxVolume":0.5153405666351318}